space,loadType,basis,load_W,sensibleSum_W,residual_W,load+sum_W,displayedLoad,displayedSum,roundingOnly,latentSum_W,designDayName,hourOfDay,hourOfYear,components
"Bathroom_2",Cooling,DesignDay,387.43,387.429,0.001,774.86,387,387,True(displayedResidual=0),77,"Leeds_TRY ANN CLG 0% CONDS DB=>GRad",0,,"Solar=0; Lighting=0; OccupancySensible=105; EquipmentSensible=85.005; InfiltrationVentilation=-15.126; AirMovement=0; BuildingHeatTransfer=201.355; ExternalConductionOpaque=11.196; ExternalConductionGlazing=0; AirHandlingUnit=0; OccupancyLatent=77; EquipmentLatent=0"
"Bathroom_2",Cooling,AnnualSimulation,336.129,336.129,-0,672.257,336,337,True(displayedResidual=-1),110,"",19,8275,"Solar=0; Lighting=50; OccupancySensible=150; EquipmentSensible=450; InfiltrationVentilation=-85.285; AirMovement=0; BuildingHeatTransfer=-229.285; ExternalConductionOpaque=0.699; ExternalConductionGlazing=0; AirHandlingUnit=0; OccupancyLatent=110; EquipmentLatent=0"
"Bathroom_2",Heating,DesignDay,1169.046,-1169.047,-0.001,-0.001,1169,-1169,True(displayedResidual=0),0,"Leeds_TRY ANN HTG 100% CONDS DB",18,,"Solar=0; Lighting=0; OccupancySensible=0; EquipmentSensible=0; InfiltrationVentilation=-118.463; AirMovement=0; BuildingHeatTransfer=-945.598; ExternalConductionOpaque=-104.986; ExternalConductionGlazing=0; AirHandlingUnit=0; OccupancyLatent=0; EquipmentLatent=0"
"Bathroom_2",Heating,AnnualSimulation,408.247,-408.248,-0,-0,408,-408,True(displayedResidual=0),77,"",0,0,"Solar=0; Lighting=0; OccupancySensible=105; EquipmentSensible=85.005; InfiltrationVentilation=-63.252; AirMovement=0; BuildingHeatTransfer=-495.695; ExternalConductionOpaque=-39.305; ExternalConductionGlazing=0; AirHandlingUnit=0; OccupancyLatent=77; EquipmentLatent=0"
"Bedroom 2_3",Cooling,DesignDay,2070.833,2070.831,0.002,4141.664,2071,2071,True(displayedResidual=0),77,"Leeds_TRY ANN CLG 0% CONDS DB=>GRad",0,,"Solar=0; Lighting=0; OccupancySensible=105; EquipmentSensible=10; InfiltrationVentilation=-2.025; AirMovement=0; BuildingHeatTransfer=1393.6; ExternalConductionOpaque=601.931; ExternalConductionGlazing=-37.675; AirHandlingUnit=0; OccupancyLatent=77; EquipmentLatent=0"
"Bedroom 2_3",Cooling,AnnualSimulation,1369.404,1369.407,-0.002,2738.811,1369,1369,True(displayedResidual=0),77,"",4,5116,"Solar=11.13; Lighting=0; OccupancySensible=105; EquipmentSensible=10; InfiltrationVentilation=-42.787; AirMovement=0; BuildingHeatTransfer=1049.807; ExternalConductionOpaque=295.914; ExternalConductionGlazing=-59.657; AirHandlingUnit=0; OccupancyLatent=77; EquipmentLatent=0"
"Bedroom 2_3",Heating,DesignDay,1629.66,-1629.659,0,0,1630,-1629,True(displayedResidual=1),0,"Leeds_TRY ANN HTG 100% CONDS DB",14,,"Solar=0; Lighting=0; OccupancySensible=0; EquipmentSensible=0; InfiltrationVentilation=-392.388; AirMovement=0; BuildingHeatTransfer=-460.901; ExternalConductionOpaque=-567.32; ExternalConductionGlazing=-209.051; AirHandlingUnit=0; OccupancyLatent=0; EquipmentLatent=0"
"Bedroom 2_3",Heating,AnnualSimulation,776.129,-776.127,0.002,0.002,776,-776,True(displayedResidual=0),77,"",0,0,"Solar=0; Lighting=0; OccupancySensible=105; EquipmentSensible=10; InfiltrationVentilation=-193.076; AirMovement=0; BuildingHeatTransfer=-373.183; ExternalConductionOpaque=-224.158; ExternalConductionGlazing=-100.711; AirHandlingUnit=0; OccupancyLatent=77; EquipmentLatent=0"
"Bedroom 2_6",Cooling,DesignDay,2034.532,2034.519,0.013,4069.052,2035,2034,True(displayedResidual=1),77,"Leeds_TRY ANN CLG 0% CONDS DB=>GRad",0,,"Solar=0; Lighting=0; OccupancySensible=105; EquipmentSensible=10; InfiltrationVentilation=-1.085; AirMovement=0; BuildingHeatTransfer=1356.313; ExternalConductionOpaque=601.068; ExternalConductionGlazing=-36.777; AirHandlingUnit=0; OccupancyLatent=77; EquipmentLatent=0"
"Bedroom 2_6",Cooling,AnnualSimulation,1341.538,1341.527,0.011,2683.065,1342,1341,True(displayedResidual=1),77,"",4,5116,"Solar=11.13; Lighting=0; OccupancySensible=105; EquipmentSensible=10; InfiltrationVentilation=-42.609; AirMovement=0; BuildingHeatTransfer=1032.778; ExternalConductionOpaque=284.463; ExternalConductionGlazing=-59.235; AirHandlingUnit=0; OccupancyLatent=77; EquipmentLatent=0"
"Bedroom 2_6",Heating,DesignDay,1586.356,-1586.36,-0.004,-0.004,1586,-1585,True(displayedResidual=1),0,"Leeds_TRY ANN HTG 100% CONDS DB",14,,"Solar=0; Lighting=0; OccupancySensible=0; EquipmentSensible=0; InfiltrationVentilation=-390.359; AirMovement=0; BuildingHeatTransfer=-424.324; ExternalConductionOpaque=-563.267; ExternalConductionGlazing=-208.41; AirHandlingUnit=0; OccupancyLatent=0; EquipmentLatent=0"
"Bedroom 2_6",Heating,AnnualSimulation,783.02,-783.027,-0.007,-0.007,783,-783,True(displayedResidual=0),77,"",0,0,"Solar=0; Lighting=0; OccupancySensible=105; EquipmentSensible=10; InfiltrationVentilation=-192.535; AirMovement=0; BuildingHeatTransfer=-377.408; ExternalConductionOpaque=-227.716; ExternalConductionGlazing=-100.368; AirHandlingUnit=0; OccupancyLatent=77; EquipmentLatent=0"
"Corridor_1",Cooling,DesignDay,0,0,0,0,0,0,True(displayedResidual=0),0,"Leeds_TRY ANN CLG 0% CONDS DB=>GRad",,,""
"Corridor_1",Cooling,AnnualSimulation,0,0,0,0,0,0,True(displayedResidual=0),0,"",,,""
"Corridor_1",Heating,DesignDay,0,0,0,0,0,0,True(displayedResidual=0),0,"Leeds_TRY ANN HTG 100% CONDS DB",,,""
"Corridor_1",Heating,AnnualSimulation,0,0,0,0,0,0,True(displayedResidual=0),0,"",,,""
"Ensuite_5",Cooling,DesignDay,637.93,637.93,0,1275.86,638,638,True(displayedResidual=0),77,"Leeds_TRY ANN CLG 0% CONDS DB=>GRad",0,,"Solar=0; Lighting=0; OccupancySensible=105; EquipmentSensible=85.005; InfiltrationVentilation=-6.287; AirMovement=0; BuildingHeatTransfer=414.713; ExternalConductionOpaque=39.499; ExternalConductionGlazing=0; AirHandlingUnit=0; OccupancyLatent=77; EquipmentLatent=0"
"Ensuite_5",Cooling,AnnualSimulation,614.49,614.49,0,1228.98,614,615,True(displayedResidual=-1),110,"",19,5443,"Solar=0; Lighting=60; OccupancySensible=150; EquipmentSensible=450; InfiltrationVentilation=-11.322; AirMovement=0; BuildingHeatTransfer=92.264; ExternalConductionOpaque=-126.452; ExternalConductionGlazing=0; AirHandlingUnit=0; OccupancyLatent=110; EquipmentLatent=0"
"Ensuite_5",Heating,DesignDay,1090.116,-1090.115,0.001,0.001,1090,-1090,True(displayedResidual=0),0,"Leeds_TRY ANN HTG 100% CONDS DB",18,,"Solar=0; Lighting=0; OccupancySensible=0; EquipmentSensible=0; InfiltrationVentilation=-135.664; AirMovement=0; BuildingHeatTransfer=-855.028; ExternalConductionOpaque=-99.423; ExternalConductionGlazing=0; AirHandlingUnit=0; OccupancyLatent=0; EquipmentLatent=0"
"Ensuite_5",Heating,AnnualSimulation,519.874,-519.873,0.001,0.001,520,-520,True(displayedResidual=0),77,"",0,0,"Solar=0; Lighting=0; OccupancySensible=105; EquipmentSensible=85.005; InfiltrationVentilation=-74.139; AirMovement=0; BuildingHeatTransfer=-570.842; ExternalConductionOpaque=-64.896; ExternalConductionGlazing=0; AirHandlingUnit=0; OccupancyLatent=77; EquipmentLatent=0"
"Ensuite_8",Cooling,DesignDay,654.59,654.593,-0.003,1309.182,655,655,True(displayedResidual=0),77,"Leeds_TRY ANN CLG 0% CONDS DB=>GRad",0,,"Solar=0; Lighting=0; OccupancySensible=105; EquipmentSensible=85.005; InfiltrationVentilation=-6.7; AirMovement=0; BuildingHeatTransfer=448.765; ExternalConductionOpaque=22.522; ExternalConductionGlazing=0; AirHandlingUnit=0; OccupancyLatent=77; EquipmentLatent=0"
"Ensuite_8",Cooling,AnnualSimulation,620.997,620.998,-0.001,1241.995,621,621,True(displayedResidual=0),110,"",19,5443,"Solar=0; Lighting=60; OccupancySensible=150; EquipmentSensible=450; InfiltrationVentilation=-11.504; AirMovement=0; BuildingHeatTransfer=98.871; ExternalConductionOpaque=-126.368; ExternalConductionGlazing=0; AirHandlingUnit=0; OccupancyLatent=110; EquipmentLatent=0"
"Ensuite_8",Heating,DesignDay,997.741,-997.74,0.001,0.001,998,-997,True(displayedResidual=1),0,"Leeds_TRY ANN HTG 100% CONDS DB",18,,"Solar=0; Lighting=0; OccupancySensible=0; EquipmentSensible=0; InfiltrationVentilation=-135.218; AirMovement=0; BuildingHeatTransfer=-770.029; ExternalConductionOpaque=-92.493; ExternalConductionGlazing=0; AirHandlingUnit=0; OccupancyLatent=0; EquipmentLatent=0"
"Ensuite_8",Heating,AnnualSimulation,568.041,-568.04,0.001,0.001,568,-568,True(displayedResidual=0),77,"",0,0,"Solar=0; Lighting=0; OccupancySensible=105; EquipmentSensible=85.005; InfiltrationVentilation=-77.4; AirMovement=0; BuildingHeatTransfer=-604.632; ExternalConductionOpaque=-76.014; ExternalConductionGlazing=0; AirHandlingUnit=0; OccupancyLatent=77; EquipmentLatent=0"
"Kitchen_4",Cooling,DesignDay,1287.993,1287.987,0.007,2575.98,1288,1288,True(displayedResidual=0),0,"Leeds_TRY ANN CLG 0% CONDS DB=>GRad",0,,"Solar=0; Lighting=0; OccupancySensible=0; EquipmentSensible=50; InfiltrationVentilation=-13.469; AirMovement=0; BuildingHeatTransfer=850.621; ExternalConductionOpaque=442.343; ExternalConductionGlazing=-41.509; AirHandlingUnit=0; OccupancyLatent=0; EquipmentLatent=0"
"Kitchen_4",Cooling,AnnualSimulation,862.967,862.964,0.004,1725.931,863,864,True(displayedResidual=-1),13.75,"",19,4795,"Solar=61.108; Lighting=150; OccupancySensible=18.75; EquipmentSensible=300; InfiltrationVentilation=-137.363; AirMovement=0; BuildingHeatTransfer=373.953; ExternalConductionOpaque=152.892; ExternalConductionGlazing=-56.377; AirHandlingUnit=0; OccupancyLatent=13.75; EquipmentLatent=0"
"Kitchen_4",Heating,DesignDay,1705.776,-1705.781,-0.005,-0.005,1706,-1706,True(displayedResidual=0),0,"Leeds_TRY ANN HTG 100% CONDS DB",13,,"Solar=0; Lighting=0; OccupancySensible=0; EquipmentSensible=0; InfiltrationVentilation=-310.944; AirMovement=0; BuildingHeatTransfer=-685.894; ExternalConductionOpaque=-481.292; ExternalConductionGlazing=-227.65; AirHandlingUnit=0; OccupancyLatent=0; EquipmentLatent=0"
"Kitchen_4",Heating,AnnualSimulation,911.414,-911.413,0,0,911,-911,True(displayedResidual=0),0,"",0,0,"Solar=0; Lighting=0; OccupancySensible=0; EquipmentSensible=50; InfiltrationVentilation=-157.144; AirMovement=0; BuildingHeatTransfer=-478.417; ExternalConductionOpaque=-215.299; ExternalConductionGlazing=-110.554; AirHandlingUnit=0; OccupancyLatent=0; EquipmentLatent=0"
"Kitchen_7",Cooling,DesignDay,1307.386,1307.384,0.002,2614.769,1307,1308,True(displayedResidual=-1),0,"Leeds_TRY ANN CLG 0% CONDS DB=>GRad",0,,"Solar=0; Lighting=0; OccupancySensible=0; EquipmentSensible=50; InfiltrationVentilation=-14.388; AirMovement=0; BuildingHeatTransfer=897.673; ExternalConductionOpaque=416.478; ExternalConductionGlazing=-42.379; AirHandlingUnit=0; OccupancyLatent=0; EquipmentLatent=0"
"Kitchen_7",Cooling,AnnualSimulation,1245.732,1245.73,0.001,2491.462,1246,1246,True(displayedResidual=0),0,"",4,5116,"Solar=11.111; Lighting=0; OccupancySensible=0; EquipmentSensible=50; InfiltrationVentilation=-32.189; AirMovement=0; BuildingHeatTransfer=945.722; ExternalConductionOpaque=333.104; ExternalConductionGlazing=-62.017; AirHandlingUnit=0; OccupancyLatent=0; EquipmentLatent=0"
"Kitchen_7",Heating,DesignDay,1625.879,-1625.88,-0.002,-0.002,1626,-1625,True(displayedResidual=1),0,"Leeds_TRY ANN HTG 100% CONDS DB",13,,"Solar=0; Lighting=0; OccupancySensible=0; EquipmentSensible=0; InfiltrationVentilation=-309.401; AirMovement=0; BuildingHeatTransfer=-625.323; ExternalConductionOpaque=-463.75; ExternalConductionGlazing=-227.407; AirHandlingUnit=0; OccupancyLatent=0; EquipmentLatent=0"
"Kitchen_7",Heating,AnnualSimulation,919.74,-919.743,-0.004,-0.004,920,-919,True(displayedResidual=1),0,"",0,0,"Solar=0; Lighting=0; OccupancySensible=0; EquipmentSensible=50; InfiltrationVentilation=-159.285; AirMovement=0; BuildingHeatTransfer=-473.054; ExternalConductionOpaque=-225.24; ExternalConductionGlazing=-112.164; AirHandlingUnit=0; OccupancyLatent=0; EquipmentLatent=0"
"Studio 1_0",Cooling,DesignDay,1973.468,1973.474,-0.006,3946.941,1973,1973,True(displayedResidual=0),77,"Leeds_TRY ANN CLG 0% CONDS DB=>GRad",0,,"Solar=0; Lighting=0; OccupancySensible=105; EquipmentSensible=85.005; InfiltrationVentilation=-8.544; AirMovement=0; BuildingHeatTransfer=971.442; ExternalConductionOpaque=898.013; ExternalConductionGlazing=-77.442; AirHandlingUnit=0; OccupancyLatent=77; EquipmentLatent=0"
"Studio 1_0",Cooling,AnnualSimulation,1972.137,1972.134,0.003,3944.272,1972,1972,True(displayedResidual=0),110,"",19,4411,"Solar=835.963; Lighting=150; OccupancySensible=150; EquipmentSensible=450; InfiltrationVentilation=-52.705; AirMovement=0; BuildingHeatTransfer=298.013; ExternalConductionOpaque=219.199; ExternalConductionGlazing=-78.336; AirHandlingUnit=0; OccupancyLatent=110; EquipmentLatent=0"
"Studio 1_0",Heating,DesignDay,2267.908,-2267.909,-0.001,-0.001,2268,-2268,True(displayedResidual=0),0,"Leeds_TRY ANN HTG 100% CONDS DB",15,,"Solar=0; Lighting=0; OccupancySensible=0; EquipmentSensible=0; InfiltrationVentilation=-321.119; AirMovement=0; BuildingHeatTransfer=-664.186; ExternalConductionOpaque=-894.854; ExternalConductionGlazing=-387.751; AirHandlingUnit=0; OccupancyLatent=0; EquipmentLatent=0"
"Studio 1_0",Heating,AnnualSimulation,802.083,-802.085,-0.001,-0.001,802,-803,True(displayedResidual=-1),77,"",0,0,"Solar=0; Lighting=0; OccupancySensible=105; EquipmentSensible=85.005; InfiltrationVentilation=-154.124; AirMovement=0; BuildingHeatTransfer=-326.554; ExternalConductionOpaque=-327.757; ExternalConductionGlazing=-183.654; AirHandlingUnit=0; OccupancyLatent=77; EquipmentLatent=0"
